{
  "0.2": {
    "10": {
      "loopix_total_bandwidth_mb": 1539.5149536132812,
      "loopix_reliability": 0.6153846153846154,
      "loopix_end_to_end_latency_seconds": 2.282332325625,
      "loopix_encryption_latency_milliseconds": 4.0,
      "loopix_client_delay_milliseconds": 343.7959183673469,
      "loopix_decryption_latency_milliseconds": 0.32515389274696793,
      "loopix_mixnode_delay_milliseconds": 100.48449925968892,
      "loopix_provider_delay_milliseconds": 101.71428571428571
    }
  },
  "0.5": {
    "10": {
      "loopix_total_bandwidth_mb": 1158.633903503418,
      "loopix_reliability": 0.9305555555555556,
      "loopix_end_to_end_latency_seconds": 2.2947625658507462,
      "loopix_encryption_latency_milliseconds": 4.00709219858156,
      "loopix_client_delay_milliseconds": 333.98581560283685,
      "loopix_decryption_latency_milliseconds": 0.18501008035891756,
      "loopix_mixnode_delay_milliseconds": 101.00241247425713,
      "loopix_provider_delay_milliseconds": 250.8709677419355
    }
  },
  "0.7": {
    "10": {
      "loopix_total_bandwidth_mb": 1029.1191864013672,
      "loopix_reliability": 0.5294117647058824,
      "loopix_end_to_end_latency_seconds": 2.5662693050000005,
      "loopix_encryption_latency_milliseconds": 4.0,
      "loopix_client_delay_milliseconds": 320.875,
      "loopix_decryption_latency_milliseconds": 0.10185070753259594,
      "loopix_mixnode_delay_milliseconds": 100.91187369354532,
      "loopix_provider_delay_milliseconds": 323.4347826086956
    }
  },
  "0.8": {
    "10": {
      "loopix_total_bandwidth_mb": 1008.7050170898438,
      "loopix_reliability": 0.5714285714285714,
      "loopix_end_to_end_latency_seconds": 3.09349993675,
      "loopix_encryption_latency_milliseconds": 4.0,
      "loopix_client_delay_milliseconds": 349.1904761904762,
      "loopix_decryption_latency_milliseconds": 0.09002556756923266,
      "loopix_mixnode_delay_milliseconds": 100.62114294710328,
      "loopix_provider_delay_milliseconds": 414.1509433962264
    }
  },
  "0.9": {
    "10": {
      "loopix_total_bandwidth_mb": 915.1383438110352,
      "loopix_reliability": 0.2857142857142857,
      "loopix_end_to_end_latency_seconds": 2.4367389203750003,
      "loopix_encryption_latency_milliseconds": 3.53125,
      "loopix_client_delay_milliseconds": 253.390625,
      "loopix_decryption_latency_milliseconds": 0.06695605537492039,
      "loopix_mixnode_delay_milliseconds": 100.6092300872886,
      "loopix_provider_delay_milliseconds": 1262.1272727272728
    }
  },
  "1.0": {
    "10": {
      "loopix_total_bandwidth_mb": 970.0468521118164,
      "loopix_reliability": 0.4444444444444444,
      "loopix_end_to_end_latency_seconds": 2.793036184,
      "loopix_encryption_latency_milliseconds": 3.909090909090909,
      "loopix_client_delay_milliseconds": 323.57575757575756,
      "loopix_decryption_latency_milliseconds": 0.0710055463290822,
      "loopix_mixnode_delay_milliseconds": 100.51904488467795,
      "loopix_provider_delay_milliseconds": 499.89285714285717
    }
  },
  "1.1": {
    "10": {
      "loopix_total_bandwidth_mb": 978.8002319335938,
      "loopix_reliability": 0.6521739130434783,
      "loopix_end_to_end_latency_seconds": 2.8617517220666664,
      "loopix_encryption_latency_milliseconds": 4.024096385542169,
      "loopix_client_delay_milliseconds": 325.28915662650604,
      "loopix_decryption_latency_milliseconds": 0.06687459310511892,
      "loopix_mixnode_delay_milliseconds": 100.48586066834882,
      "loopix_provider_delay_milliseconds": 530.3698630136986
    }
  },
  "1.2": {
    "10": {
      "loopix_total_bandwidth_mb": 978.3225860595703,
      "loopix_reliability": 0.35294117647058826,
      "loopix_end_to_end_latency_seconds": 2.927396588083333,
      "loopix_encryption_latency_milliseconds": 4.0,
      "loopix_client_delay_milliseconds": 293.52127659574467,
      "loopix_decryption_latency_milliseconds": 0.05959998210210748,
      "loopix_mixnode_delay_milliseconds": 100.94923258559622,
      "loopix_provider_delay_milliseconds": 920.6521739130435
    }
  },
  "1.3": {
    "10": {
      "loopix_total_bandwidth_mb": 948.8019943237305,
      "loopix_reliability": 0.4666666666666667,
      "loopix_end_to_end_latency_seconds": 3.1046897979285717,
      "loopix_encryption_latency_milliseconds": 4.01010101010101,
      "loopix_client_delay_milliseconds": 320.3939393939394,
      "loopix_decryption_latency_milliseconds": 0.05883626354934979,
      "loopix_mixnode_delay_milliseconds": 100.85445132951604,
      "loopix_provider_delay_milliseconds": 692.1410256410256
    }
  },
  "1.4": {
    "10": {
      "loopix_total_bandwidth_mb": 983.9920349121094,
      "loopix_reliability": 0.9393939393939394,
      "loopix_end_to_end_latency_seconds": 3.319934914435484,
      "loopix_encryption_latency_milliseconds": 4.0,
      "loopix_client_delay_milliseconds": 386.8156862745098,
      "loopix_decryption_latency_milliseconds": 0.06341491639183013,
      "loopix_mixnode_delay_milliseconds": 100.60291008398426,
      "loopix_provider_delay_milliseconds": 727.9642857142857
    }
  },
  "1.5": {
    "10": {
      "loopix_total_bandwidth_mb": 943.2259979248047,
      "loopix_reliability": 0.6842105263157895,
      "loopix_end_to_end_latency_seconds": 5.429791789153845,
      "loopix_encryption_latency_milliseconds": 3.8656716417910446,
      "loopix_client_delay_milliseconds": 318.0,
      "loopix_decryption_latency_milliseconds": 0.04960535976505139,
      "loopix_mixnode_delay_milliseconds": 99.7585635530228,
      "loopix_provider_delay_milliseconds": 771.7868852459017
    }
  },
  "1.7": {
    "10": {
      "loopix_total_bandwidth_mb": 884.0290603637695,
      "loopix_reliability": 0.3888888888888889,
      "loopix_end_to_end_latency_seconds": 4.1728507572857145,
      "loopix_encryption_latency_milliseconds": 3.9444444444444446,
      "loopix_client_delay_milliseconds": 338.64814814814815,
      "loopix_decryption_latency_milliseconds": 0.03856445518382174,
      "loopix_mixnode_delay_milliseconds": 100.5548861348046,
      "loopix_provider_delay_milliseconds": 1350.7142857142858
    }
  }
}