{
  "lambda_payload": {
    "0": {
      "loopix_bandwidth_bytes_per_second": 1257044.2209769806,
      "loopix_reliability": 0.9047619047619048,
      "loopix_end_to_end_latency_seconds": 16.19935264447368,
      "loopix_encryption_latency_milliseconds": 2.84,
      "loopix_client_delay_milliseconds": 3520.85,
      "loopix_decryption_latency_milliseconds": 8.287642010219775,
      "loopix_mixnode_delay_milliseconds": 2.665050015156108,
      "loopix_provider_delay_milliseconds": 910.44
    },
    "1": {
      "loopix_bandwidth_bytes_per_second": 1212958.0001046176,
      "loopix_reliability": 0.875,
      "loopix_end_to_end_latency_seconds": 10.330157206571428,
      "loopix_encryption_latency_milliseconds": 129.8,
      "loopix_client_delay_milliseconds": 2938.8166666666666,
      "loopix_decryption_latency_milliseconds": 5.907423144213946,
      "loopix_mixnode_delay_milliseconds": 2.6879197897400955,
      "loopix_provider_delay_milliseconds": 685.8974358974359
    },
    "2": {
      "loopix_bandwidth_bytes_per_second": 1318015.705678356,
      "loopix_reliability": 0.9,
      "loopix_end_to_end_latency_seconds": 6.242279786925927,
      "loopix_encryption_latency_milliseconds": 2.9172413793103447,
      "loopix_client_delay_milliseconds": 2112.593103448276,
      "loopix_decryption_latency_milliseconds": 9.198994418561742,
      "loopix_mixnode_delay_milliseconds": 2.6475535859636428,
      "loopix_provider_delay_milliseconds": 1192.0206896551724
    },
    "3": {
      "loopix_bandwidth_bytes_per_second": 1396933.4564864247,
      "loopix_reliability": 1.0,
      "loopix_end_to_end_latency_seconds": 11.04979021117857,
      "loopix_encryption_latency_milliseconds": 39.08571428571429,
      "loopix_client_delay_milliseconds": 1749.142857142857,
      "loopix_decryption_latency_milliseconds": 8.487028455108494,
      "loopix_mixnode_delay_milliseconds": 2.699110589025004,
      "loopix_provider_delay_milliseconds": 262.45714285714286
    },
    "4": {
      "loopix_bandwidth_bytes_per_second": 1135804.1515930959,
      "loopix_reliability": 0.8095238095238095,
      "loopix_end_to_end_latency_seconds": 9.840027224294115,
      "loopix_encryption_latency_milliseconds": 51.27619047619048,
      "loopix_client_delay_milliseconds": 1750.4761904761904,
      "loopix_decryption_latency_milliseconds": 8.212274515815832,
      "loopix_mixnode_delay_milliseconds": 2.6608240800220244,
      "loopix_provider_delay_milliseconds": 3030.5922330097087
    },
    "5": {
      "loopix_bandwidth_bytes_per_second": 958081.1718309883,
      "loopix_reliability": 0.7,
      "loopix_end_to_end_latency_seconds": 5.372449540714285,
      "loopix_encryption_latency_milliseconds": 66.475,
      "loopix_client_delay_milliseconds": 1259.9,
      "loopix_decryption_latency_milliseconds": 11.707549949902752,
      "loopix_mixnode_delay_milliseconds": 2.724218909536451,
      "loopix_provider_delay_milliseconds": 772.0533333333333
    },
    "7": {
      "loopix_bandwidth_bytes_per_second": 1269730.0948698374,
      "loopix_reliability": 0.7142857142857143,
      "loopix_end_to_end_latency_seconds": 3.6923274886,
      "loopix_encryption_latency_milliseconds": 3.0,
      "loopix_client_delay_milliseconds": 1129.5714285714287,
      "loopix_decryption_latency_milliseconds": 5.793441018110622,
      "loopix_mixnode_delay_milliseconds": 2.6590611269559856,
      "loopix_provider_delay_milliseconds": 60.7
    },
    "8": {
      "loopix_bandwidth_bytes_per_second": 1407938.152158022,
      "loopix_reliability": 0.8928571428571429,
      "loopix_end_to_end_latency_seconds": 7.269314094,
      "loopix_encryption_latency_milliseconds": 77.80882352941177,
      "loopix_client_delay_milliseconds": 943.2573529411765,
      "loopix_decryption_latency_milliseconds": 7.912427792041078,
      "loopix_mixnode_delay_milliseconds": 2.665407220822838,
      "loopix_provider_delay_milliseconds": 363.24264705882354
    },
    "9": {
      "loopix_bandwidth_bytes_per_second": 1134769.8760386372,
      "loopix_reliability": 0.6470588235294118,
      "loopix_end_to_end_latency_seconds": 5.875592566636363,
      "loopix_encryption_latency_milliseconds": 352.71232876712327,
      "loopix_client_delay_milliseconds": 914.945205479452,
      "loopix_decryption_latency_milliseconds": 8.825421865289927,
      "loopix_mixnode_delay_milliseconds": 2.649739788676865,
      "loopix_provider_delay_milliseconds": 784.7323943661971
    },
    "10": {
      "loopix_bandwidth_bytes_per_second": 1282234.4275931385,
      "loopix_reliability": 0.8181818181818182,
      "loopix_end_to_end_latency_seconds": 7.350796464888889,
      "loopix_encryption_latency_milliseconds": 48.845454545454544,
      "loopix_client_delay_milliseconds": 898.9090909090909,
      "loopix_decryption_latency_milliseconds": 3.333939214608784,
      "loopix_mixnode_delay_milliseconds": 2.6623731186559327,
      "loopix_provider_delay_milliseconds": 306.70093457943926
    },
    "11": {
      "loopix_bandwidth_bytes_per_second": 1279046.9872732728,
      "loopix_reliability": 0.8695652173913043,
      "loopix_end_to_end_latency_seconds": 10.571526422249999,
      "loopix_encryption_latency_milliseconds": 139.8108108108108,
      "loopix_client_delay_milliseconds": 753.0900900900901,
      "loopix_decryption_latency_milliseconds": 6.275234042553191,
      "loopix_mixnode_delay_milliseconds": 2.6738587484390175,
      "loopix_provider_delay_milliseconds": 2697.810810810811
    }
  },
  "max_retrieve": {
    "0": {
      "loopix_bandwidth_bytes_per_second": 1050953.3518122027,
      "loopix_reliability": 0.9722222222222222,
      "loopix_end_to_end_latency_seconds": 5.097840326971429,
      "loopix_encryption_latency_milliseconds": 2.938888888888889,
      "loopix_client_delay_milliseconds": 682.6222222222223,
      "loopix_decryption_latency_milliseconds": 5.649257854222681,
      "loopix_mixnode_delay_milliseconds": 2.6680646729880864,
      "loopix_provider_delay_milliseconds": 129.2
    },
    "1": {
      "loopix_bandwidth_bytes_per_second": 1391750.4726677989,
      "loopix_reliability": 0.9655172413793104,
      "loopix_end_to_end_latency_seconds": 8.66118277867857,
      "loopix_encryption_latency_milliseconds": 72.93793103448276,
      "loopix_client_delay_milliseconds": 773.9724137931034,
      "loopix_decryption_latency_milliseconds": 7.2612842194679335,
      "loopix_mixnode_delay_milliseconds": 2.660635201822093,
      "loopix_provider_delay_milliseconds": 166.08275862068965
    },
    "2": {
      "loopix_bandwidth_bytes_per_second": 1469843.028105644,
      "loopix_reliability": 0.8888888888888888,
      "loopix_end_to_end_latency_seconds": 6.78810151375,
      "loopix_encryption_latency_milliseconds": 42.724409448818896,
      "loopix_client_delay_milliseconds": 760.7480314960629,
      "loopix_decryption_latency_milliseconds": 5.12980312287848,
      "loopix_mixnode_delay_milliseconds": 2.6918717268096706,
      "loopix_provider_delay_milliseconds": 828.4761904761905
    },
    "3": {
      "loopix_bandwidth_bytes_per_second": 1870353.641051635,
      "loopix_reliability": 0.7727272727272727,
      "loopix_end_to_end_latency_seconds": 6.444827804117646,
      "loopix_encryption_latency_milliseconds": 109.36458333333333,
      "loopix_client_delay_milliseconds": 793.2604166666666,
      "loopix_decryption_latency_milliseconds": 6.285196031295074,
      "loopix_mixnode_delay_milliseconds": 2.694363052881261,
      "loopix_provider_delay_milliseconds": 2947.315789473684
    },
    "4": {
      "loopix_bandwidth_bytes_per_second": 2409841.00099462,
      "loopix_reliability": 0.8333333333333334,
      "loopix_end_to_end_latency_seconds": 5.7006077727,
      "loopix_encryption_latency_milliseconds": 88.85,
      "loopix_client_delay_milliseconds": 813.525,
      "loopix_decryption_latency_milliseconds": 8.911976559638628,
      "loopix_mixnode_delay_milliseconds": 2.6750726168471086,