{
  "lambda_loop": {
    "0": {
      "loopix_bandwidth_bytes_per_second": 110878.38084943792,
      "loopix_reliability": 0.25,
      "loopix_end_to_end_latency_seconds": 5.699987856,
      "loopix_encryption_latency_milliseconds": 92.26785714285714,
      "loopix_client_delay_milliseconds": 7812.32,
      "loopix_decryption_latency_milliseconds": 6.043560382481407,
      "loopix_mixnode_delay_milliseconds": 2.6116092496460594,
      "loopix_provider_delay_milliseconds": 3405.0652173913045
    },
    "1": {
      "loopix_bandwidth_bytes_per_second": 141737.93644613237,
      "loopix_reliability": 0.4375,
      "loopix_end_to_end_latency_seconds": 9.032052954142857,
      "loopix_encryption_latency_milliseconds": 192.9,
      "loopix_client_delay_milliseconds": 4618.125,
      "loopix_decryption_latency_milliseconds": 4.498389982110912,
      "loopix_mixnode_delay_milliseconds": 2.6056410256410256,
      "loopix_provider_delay_milliseconds": 7673.569620253164
    },
    "2": {
      "loopix_bandwidth_bytes_per_second": 169268.95799916,
      "loopix_reliability": 0.75,
      "loopix_end_to_end_latency_seconds": 5.166762612466667,
      "loopix_encryption_latency_milliseconds": 53.51,
      "loopix_client_delay_milliseconds": 2197.88,
      "loopix_decryption_latency_milliseconds": 4.633219308247814,
      "loopix_mixnode_delay_milliseconds": 2.6500223580265314,
      "loopix_provider_delay_milliseconds": 398.5
    },
    "3": {
      "loopix_bandwidth_bytes_per_second": 157663.7323892329,
      "loopix_reliability": 0.7,
      "loopix_end_to_end_latency_seconds": 5.951780124428573,
      "loopix_encryption_latency_milliseconds": 169.86813186813185,
      "loopix_client_delay_milliseconds": 2436.8777777777777,
      "loopix_decryption_latency_milliseconds": 5.050945795580989,
      "loopix_mixnode_delay_milliseconds": 2.7014458190490385,
      "loopix_provider_delay_milliseconds": 156.27777777777777
    },
    "4": {
      "loopix_bandwidth_bytes_per_second": 183030.7678119901,
      "loopix_reliability": 0.5789473684210527,
      "loopix_end_to_end_latency_seconds": 5.1153872483636365,
      "loopix_encryption_latency_milliseconds": 2.5054945054945055,
      "loopix_client_delay_milliseconds": 2370.541176470588,
      "loopix_decryption_latency_milliseconds": 9.50034712579839,
      "loopix_mixnode_delay_milliseconds": 2.6687026955251625,
      "loopix_provider_delay_milliseconds": 155.89285714285714
    },
    "5": {
      "loopix_bandwidth_bytes_per_second": 159747.72760054152,
      "loopix_reliability": 0.5,
      "loopix_end_to_end_latency_seconds": 2.6584585792000004,
      "loopix_encryption_latency_milliseconds": 55.125,
      "loopix_client_delay_milliseconds": 3237.5208333333335,
      "loopix_decryption_latency_milliseconds": 9.829720172201721,
      "loopix_mixnode_delay_milliseconds": 2.600613582485009,
      "loopix_provider_delay_milliseconds": 361.1578947368421
    },
    "6": {
      "loopix_bandwidth_bytes_per_second": 164497.7018113843,
      "loopix_reliability": 0.7222222222222222,
      "loopix_end_to_end_latency_seconds": 9.041597515692308,
      "loopix_encryption_latency_milliseconds": 64.6219512195122,
      "loopix_client_delay_milliseconds": 1130.378048780488,
      "loopix_decryption_latency_milliseconds": 5.935256121375995,
      "loopix_mixnode_delay_milliseconds": 2.6903648269410665,
      "loopix_provider_delay_milliseconds": 725.0125
    },
    "7": {
      "loopix_bandwidth_bytes_per_second": 181297.2123729051,
      "loopix_reliability": 0.9090909090909091,
      "loopix_end_to_end_latency_seconds": 5.4261978635000006,
      "loopix_encryption_latency_milliseconds": 48.8,
      "loopix_client_delay_milliseconds": 1145.9816513761468,
      "loopix_decryption_latency_milliseconds": 4.503540414161657,
      "loopix_mixnode_delay_milliseconds": 2.6697171381031612,
      "loopix_provider_delay_milliseconds": 148.32110091743118
    },
    "8": {
      "loopix_bandwidth_bytes_per_second": 166263.91889681097,
      "loopix_reliability": 0.6818181818181818,
      "loopix_end_to_end_latency_seconds": 2.3457565745333335,
      "loopix_encryption_latency_milliseconds": 2.918181818181818,
      "loopix_client_delay_milliseconds": 1032.5412844036698,
      "loopix_decryption_latency_milliseconds": 6.4069199745277015,
      "loopix_mixnode_delay_milliseconds": 2.63691708267381,
      "loopix_provider_delay_milliseconds": 631.1192660550458
    },
    "9": {
      "loopix_bandwidth_bytes_per_second": 158209.16242196638,
      "loopix_reliability": 0.65,
      "loopix_end_to_end_latency_seconds": 4.199131254538462,
      "loopix_encryption_latency_milliseconds": 160.67708333333334,
      "loopix_client_delay_milliseconds": 1175.2083333333333,
      "loopix_decryption_latency_milliseconds": 3.8792302587923024,
      "loopix_mixnode_delay_milliseconds": 2.6749138355489905,
      "loopix_provider_delay_milliseconds": 3414.3684210526317
    },
    "10": {
      "loopix_bandwidth_bytes_per_second": 168243.50120736164,
      "loopix_reliability": 0.6956521739130435,
      "loopix_end_to_end_latency_seconds": 2.3706842814374998,
      "loopix_encryption_latency_milliseconds": 179.38260869565218,
      "loopix_client_delay_milliseconds": 1438.0701754385964,
      "loopix_decryption_latency_milliseconds": 5.107648144351035,
      "loopix_mixnode_delay_milliseconds": 2.643191416504965,
      "loopix_provider_delay_milliseconds": 141.2719298245614
    },
    "11": {
      "loopix_bandwidth_bytes_per_second": 151583.2281931063,
      "loopix_reliability": 0.5263157894736842,
      "loopix_end_to_end_latency_seconds": 2.9652445023,
      "loopix_encryption_latency_milliseconds": 70.10666666666667,
      "loopix_client_delay_milliseconds": 866.8266666666667,
      "loopix_decryption_latency_milliseconds": 6.960671641791045,
      "loopix_mixnode_delay_milliseconds": 2.672872340425532,
      "loopix_provider_delay_milliseconds": 941.8513513513514
    },
    "12": {
      "loopix_bandwidth_bytes_per_second": 173784.93198806696,
      "loopix_reliability": 0.7058823529411765,
      "loopix_end_to_end_latency_seconds": 9.510870057083332,
      "loopix_encryption_latency_milliseconds": 2.876543209876543,
      "loopix_client_delay_milliseconds": 1023.3086419753087,
      "loopix_decryption_latency_milliseconds": 6.442145793904588,
      "loopix_mixnode_delay_milliseconds": 2.7064024715031425,
      "loopix_provider_delay_milliseconds": 529.5625
    }
  },
  "max_retrieve": {
    "0": {
      "loopix_bandwidth_bytes_per_second": 113514.95793510388,
      "loopix_reliability": 0.782608695652174,
      "loopix_end_to_end_latency_seconds": 2.8249628648888887,
      "loopix_encryption_latency_milliseconds": 428.04672897196264,
      "loopix_client_delay_milliseconds": 1389.0380952380951,
      "loopix_decryption_latency_milliseconds": 3.4307474053610094,
      "loopix_mixnode_delay_milliseconds": 2.706508875739645,
      "loopix_provider_delay_milliseconds": 360.8
    },
    "1": {
      "loopix_bandwidth_bytes_per_second": 183816.54490399017,
      "loopix_reliability": 0.4444444444444444,
      "loopix_end_to_end_latency_seconds": 4.4364549245,
      "loopix_encryption_latency_milliseconds": 2.5348837209302326,
      "loopix_client_delay_milliseconds": 2271.3837209302324,
      "loopix_decryption_latency_milliseconds": 14.232269383899048,
      "loopix_mixnode_delay_milliseconds": 2.6058947892053226,
      "loopix_provider_delay_milliseconds": 34.49411764705882
    },
    "2": {
      "loopix_bandwidth_bytes_per_second": 187837.57003923965,
      "loopix_reliability": 0.5,
      "loopix_end_to_end_latency_seconds": 8.778701494125,
      "loopix_encryption_latency_milliseconds": 193.1625,
      "loopix_client_delay_milliseconds": 3305.73417721519,
      "loopix_decryption_latency_milliseconds": 14.769199245963446,
      "loopix_mixnode_delay_milliseconds": 2.5818467247038677,
      "loopix_provider_delay_milliseconds": 1995.0759493670887
    },