{
  "lambda_payload": {
    "0": {
      "loopix_bandwidth_bytes": [
        69410496.0,
        41494656.0,
        41115552.0,
        39782944.0,
        26571744.0,
        23963968.0,
        27846912.0,
        64941664.0,
        27835424.0,
        26158176.0,
        67239264.0,
        23159808.0,
        27180608.0,
        30305344.0,
        43137440.0
      ],
      "loopix_number_of_proxy_requests": [
        26.0
      ],
      "loopix_start_time_seconds": [
        15.031426714
      ],
      "loopix_end_to_end_latency_seconds": {
        "sum": [
          71.147734536
        ],
        "count": [
          12.0
        ]
      },
      "loopix_encryption_latency_milliseconds": {
        "sum": [
          5122.0,
          160.0,
          128.0
        ],
        "count": [
          26.0,
          40.0,
          32.0
        ]
      },
      "loopix_client_delay_milliseconds": {
        "sum": [
          10124.0,
          52324.0,
          38535.0
        ],
        "count": [
          26.0,
          40.0,
          32.0
        ]
      },
      "loopix_decryption_latency_milliseconds": {
        "sum": [
          16494.0,
          0.0,
          5005.0,
          436.0,
          3.0,
          36607.0,
          928.0,
          2.0,
          12790.0,
          0.0,
          5004.0,
          1.0
        ],
        "count": [
          3695.0,
          3099.0,
          1947.0,
          1733.0,
          2056.0,
          3416.0,
          2103.0,
          1909.0,
          3654.0,
          1658.0,
          1999.0,
          2275.0
        ]
      },
      "loopix_mixnode_delay_milliseconds": {
        "sum": [
          7078.0,
          8414.0,
          5432.0,
          40997.0,
          5745.0,
          6522.0,
          198734.0,
          5153.0,
          7114.0,
          4610.0,
          5595.0,
          6260.0
        ],
        "count": [
          2683.0,
          3099.0,
          1947.0,
          1733.0,
          2056.0,
          2451.0,
          2103.0,
          1909.0,
          2665.0,
          1658.0,
          1999.0,
          2275.0
        ]
      },
      "loopix_provider_delay_milliseconds": {
        "sum": [
          2461.0,
          3380.0,
          13884.0
        ],
        "count": [
          8.0,
          10.0,
          45.0
        ]
      }
    }
  }
}