{
  "lambda_loop": {
    "0.0": {
      "loopix_total_bandwidth_mb": 287.03401947021484,
      "loopix_reliability": 0.8679245283018868,
      "loopix_reliability_std": 0.03950722322177062,
      "loopix_incoming_messages": 7.588790403689002,
      "loopix_incoming_messages_std": 0.21829378226310206,
      "loopix_end_to_end_latency_seconds": 3.260222045293479,
      "loopix_encryption_latency_milliseconds": 4.016746411483253,
      "loopix_client_delay_milliseconds": 282.5311004784689,
      "loopix_decryption_latency_milliseconds": 0.26344872419957743,
      "loopix_mixnode_delay_milliseconds": 100.1794453507341,
      "loopix_provider_delay_milliseconds": 448.5873786407767
    },
    "0.1": {
      "loopix_total_bandwidth_mb": 312.68152618408203,
      "loopix_reliability": 0.9340659340659341,
      "loopix_reliability_std": 0.018174550666838585,
      "loopix_incoming_messages": 8.627793153344452,
      "loopix_incoming_messages_std": 0.06523455473004187,
      "loopix_end_to_end_latency_seconds": 2.96026553235294,
      "loopix_encryption_latency_milliseconds": 4.009735744089013,
      "loopix_client_delay_milliseconds": 297.8272980501393,
      "loopix_decryption_latency_milliseconds": 0.34627411362871025,
      "loopix_mixnode_delay_milliseconds": 99.69825384414908,
      "loopix_provider_delay_milliseconds": 469.72408963585434
    },
    "0.2": {
      "loopix_total_bandwidth_mb": 333.82254791259766,
      "loopix_reliability": 0.7411764705882353,
      "loopix_reliability_std": 0.04113895631935454,
      "loopix_incoming_messages": 9.436023286583014,
      "loopix_incoming_messages_std": 0.09221276309945253,
      "loopix_end_to_end_latency_seconds": 2.617211197253968,
      "loopix_encryption_latency_milliseconds": 4.0,
      "loopix_client_delay_milliseconds": 258.02,
      "loopix_decryption_latency_milliseconds": 0.19937126976172034,
      "loopix_mixnode_delay_milliseconds": 100.86239414934565,
      "loopix_provider_delay_milliseconds": 441.72661870503595
    },
    "0.3": {
      "loopix_total_bandwidth_mb": 358.6912841796875,
      "loopix_reliability": 0.9172932330827067,
      "loopix_reliability_std": 0.00894007685117235,
      "loopix_incoming_messages": 10.417120561626353,
      "loopix_incoming_messages_std": 0.15888575627633592,
      "loopix_end_to_end_latency_seconds": 2.762175220008196,
      "loopix_encryption_latency_milliseconds": 4.007692307692308,
      "loopix_client_delay_milliseconds": 297.76153846153846,
      "loopix_decryption_latency_milliseconds": 0.24973062577704103,
      "loopix_mixnode_delay_milliseconds": 99.76749813030663,
      "loopix_provider_delay_milliseconds": 456.48355899419727
    },
    "0.4": {
      "loopix_total_bandwidth_mb": 380.80836486816406,
      "loopix_reliability": 0.904,
      "loopix_reliability_std": 0.14191764533899393,
      "loopix_incoming_messages": 11.256244301033794,
      "loopix_incoming_messages_std": 0.1794568733474491,
      "loopix_end_to_end_latency_seconds": 2.8759435921061947,
      "loopix_encryption_latency_milliseconds": 4.018218623481781,
      "loopix_client_delay_milliseconds": 282.46963562753035,
      "loopix_decryption_latency_milliseconds": 0.21748574531631823,
      "loopix_mixnode_delay_milliseconds": 100.64467753831025,
      "loopix_provider_delay_milliseconds": 478.729674796748
    },
    "0.5": {
      "loopix_total_bandwidth_mb": 405.36559295654297,
      "loopix_reliability": 0.8783783783783784,
      "loopix_reliability_std": 0.02013792436198667,
      "loopix_incoming_messages": 12.229985832239546,
      "loopix_incoming_messages_std": 0.10275349770275818,
      "loopix_end_to_end_latency_seconds": 2.902284258076923,
      "loopix_encryption_latency_milliseconds": 4.020373514431239,
      "loopix_client_delay_milliseconds": 278.26994906621394,
      "loopix_decryption_latency_milliseconds": 0.23793934597258698,
      "loopix_mixnode_delay_milliseconds": 101.10303168452245,
      "loopix_provider_delay_milliseconds": 462.7901861252115
    },
    "0.6": {
      "loopix_total_bandwidth_mb": 428.0641555786133,
      "loopix_reliability": 0.9222222222222223,
      "loopix_reliability_std": 0.008897226582120246,
      "loopix_incoming_messages": 13.115819975207577,
      "loopix_incoming_messages_std": 0.1411659791576754,
      "loopix_end_to_end_latency_seconds": 2.8208416752228924,
      "loopix_encryption_latency_milliseconds": 4.0,
      "loopix_client_delay_milliseconds": 315.5531914893617,
      "loopix_decryption_latency_milliseconds": 0.2446564628143753,
      "loopix_mixnode_delay_milliseconds": 101.04199615302414,
      "loopix_provider_delay_milliseconds": 482.28125
    },
    "0.8": {
      "loopix_total_bandwidth_mb": 474.4581069946289,
      "loopix_reliability": 0.8733333333333333,
      "loopix_reliability_std": 0.032359848730425515,
      "loopix_incoming_messages": 14.915774613485269,
      "loopix_incoming_messages_std": 0.2848637742840208,
      "loopix_end_to_end_latency_seconds": 2.871945852992366,
      "loopix_encryption_latency_milliseconds": 3.9516666666666667,
      "loopix_client_delay_milliseconds": 312.985,
      "loopix_decryption_latency_milliseconds": 0.1941987866348737,
      "loopix_mixnode_delay_milliseconds": 100.68626769464105,
      "loopix_provider_delay_milliseconds": 458.2257525083612
    },
    "0.9": {
      "loopix_total_bandwidth_mb": 497.2085876464844,
      "loopix_reliability": 0.9041916167664671,
      "loopix_reliability_std": 0.06723558068974653,
      "loopix_incoming_messages": 15.79950447083817,
      "loopix_incoming_messages_std": 0.14532290867541584,
      "loopix_end_to_end_latency_seconds": 2.783181913516556,
      "loopix_encryption_latency_milliseconds": 4.009063444108762,
      "loopix_client_delay_milliseconds": 303.40998487140695,
      "loopix_decryption_latency_milliseconds": 0.19532860087016257,
      "loopix_mixnode_delay_milliseconds": 100.66868317810189,
      "loopix_provider_delay_milliseconds": 470.8608169440242
    },
    "1.0": {
      "loopix_total_bandwidth_mb": 520.000602722168,
      "loopix_reliability": 0.9,
      "loopix_reliability_std": 0.02926429029254644,
      "loopix_incoming_messages": 16.617345044843763,
      "loopix_incoming_messages_std": 0.16668799827234634,
      "loopix_end_to_end_latency_seconds": 2.946218838173612,
      "loopix_encryption_latency_milliseconds": 4.037854889589905,
      "loopix_client_delay_milliseconds": 321.23222748815164,
      "loopix_decryption_latency_milliseconds": 0.17550463720676487,
      "loopix_mixnode_delay_milliseconds": 100.37399692675432,
      "loopix_provider_delay_milliseconds": 479.6624203821656
    },
    "1.1": {
      "loopix_total_bandwidth_mb": 542.5641784667969,
      "loopix_reliability": 0.8875,
      "loopix_reliability_std": 0.0428476810568636,
      "loopix_incoming_messages": 17.540657342441403,
      "loopix_incoming_messages_std": 0.13015350497865752,
      "loopix_end_to_end_latency_seconds": 2.7551210235563377,
      "loopix_encryption_latency_milliseconds": 4.019017432646593,
      "loopix_client_delay_milliseconds": 309.7416798732171,
      "loopix_decryption_latency_milliseconds": 0.17061413794001928,
      "loopix_mixnode_delay_milliseconds": 100.72604485910335,
      "loopix_provider_delay_milliseconds": 459.41987179487177
    },
    "1.2": {
      "loopix_total_bandwidth_mb": 565.6573181152344,
      "loopix_reliability": 0.8529411764705882,
      "loopix_reliability_std": 0.2520696226247934,
      "loopix_incoming_messages": 18.444629365342227,
      "loopix_incoming_messages_std": 0.13110762074049293,
      "loopix_end_to_end_latency_seconds": 2.722255487586207,
      "loopix_encryption_latency_milliseconds": 4.022222222222222,
      "loopix_client_delay_milliseconds": 285.8296296296296,
      "loopix_decryption_latency_milliseconds": 0.12364191658739299,
      "loopix_mixnode_delay_milliseconds": 100.43226674254377,
      "loopix_provider_delay_milliseconds": 455.8908188585608
    },